"name","NCBI.id","list.name","weight","Gene_type","Study_type","Phenotype","Cases","Sex","Designation","Description","Variant","Tissues","reference"
"ABT1",29777,"DecodeME_gwas_1",1,"protein coding","GWAS","gwas_1",15579,NA,"DecodeME","eQTL","rs10946808","Lung/Cells_Cultured_fibroblasts",NA
"ABT1",29777,"DecodeME_gwas_1_female",1,"protein coding","GWAS","gwas_1_female",12833,NA,"DecodeME","eQTL","rs61534839","Muscle_Skeletal",NA
"ABT1",29777,"DecodeME_gwas_1_female",1,"protein coding","GWAS","gwas_1_female",12833,NA,"DecodeME","eQTL","rs9379845","Muscle_Skeletal",NA
"ANKRD45",339416,"DecodeME_gwas_1",1,"protein coding","GWAS","gwas_1",15579,NA,"DecodeME","eQTL","rs1322775","Artery_Tibial/Cells_Cultured_fibroblasts/Nerve_Tibial/Thyroid/Skin_Not_Sun_Exposed_Suprapubic/Breast_Mammary_Tissue/Adipose_Subcutaneous/Skin_Sun_Exposed_Lower_leg/Artery_Aorta",NA
"ANKRD45",339416,"DecodeME_gwas_1",1,"protein coding","GWAS","gwas_1",15579,NA,"DecodeME","eQTL","rs1322777","Artery_Tibial/Cells_Cultured_fibroblasts/Nerve_Tibial/Thyroid/Skin_Not_Sun_Exposed_Suprapubic/Breast_Mammary_Tissue/Adipose_Subcutaneous/Skin_Sun_Exposed_Lower_leg/Artery_Aorta",NA
"ANKRD45",339416,"DecodeME_gwas_1",1,"protein coding","GWAS","gwas_1",15579,NA,"DecodeME","eQTL","rs2065171","Artery_Tibial/Cells_Cultured_fibroblasts/Nerve_Tibial/Thyroid/Skin_Not_Sun_Exposed_Suprapubic/Breast_Mammary_Tissue/Adipose_Subcutaneous/Skin_Sun_Exposed_Lower_leg/Artery_Aorta",NA
"ANKRD45",339416,"DecodeME_gwas_1",1,"protein coding","GWAS","gwas_1",15579,NA,"DecodeME","eQTL","rs9425435","Artery_Tibial/Cells_Cultured_fibroblasts/Nerve_Tibial/Thyroid/Skin_Not_Sun_Exposed_Suprapubic/Breast_Mammary_Tissue/Adipose_Subcutaneous/Skin_Sun_Exposed_Lower_leg/Artery_Aorta",NA
"ANKRD45",339416,"DecodeME_gwas_1",1,"protein coding","GWAS","gwas_1",15579,NA,"DecodeME","eQTL","rs9425757","Skin_Not_Sun_Exposed_Suprapubic/Skin_Sun_Exposed_Lower_leg/Artery_Tibial/Adipose_Subcutaneous/Cells_Cultured_fibroblasts/Thyroid/Breast_Mammary_Tissue/Artery_Aorta/Nerve_Tibial",NA
"ANKRD45",339416,"DecodeME_gwas_2",1,"protein coding","GWAS","gwas_2",15579,NA,"DecodeME","eQTL","rs1322775","Artery_Tibial/Cells_Cultured_fibroblasts/Nerve_Tibial/Thyroid/Skin_Not_Sun_Exposed_Suprapubic/Breast_Mammary_Tissue/Adipose_Subcutaneous/Skin_Sun_Exposed_Lower_leg/Artery_Aorta",NA
"ANKRD45",339416,"DecodeME_gwas_2",1,"protein coding","GWAS","gwas_2",15579,NA,"DecodeME","eQTL","rs1322777","Artery_Tibial/Cells_Cultured_fibroblasts/Nerve_Tibial/Thyroid/Skin_Not_Sun_Exposed_Suprapubic/Breast_Mammary_Tissue/Adipose_Subcutaneous/Skin_Sun_Exposed_Lower_leg/Artery_Aorta",NA
"ANKRD45",339416,"DecodeME_gwas_2",1,"protein coding","GWAS","gwas_2",15579,NA,"DecodeME","eQTL","rs2065171","Artery_Tibial/Cells_Cultured_fibroblasts/Nerve_Tibial/Thyroid/Skin_Not_Sun_Exposed_Suprapubic/Breast_Mammary_Tissue/Adipose_Subcutaneous/Skin_Sun_Exposed_Lower_leg/Artery_Aorta",NA
"ANKRD45",339416,"DecodeME_gwas_2",1,"protein coding","GWAS","gwas_2",15579,NA,"DecodeME","eQTL","rs9425435","Artery_Tibial/Cells_Cultured_fibroblasts/Nerve_Tibial/Thyroid/Skin_Not_Sun_Exposed_Suprapubic/Breast_Mammary_Tissue/Adipose_Subcutaneous/Skin_Sun_Exposed_Lower_leg/Artery_Aorta",NA
"ANKRD45",339416,"DecodeME_gwas_2",1,"protein coding","GWAS","gwas_2",15579,NA,"DecodeME","eQTL","rs9425757","Skin_Not_Sun_Exposed_Suprapubic/Skin_Sun_Exposed_Lower_leg/Artery_Tibial/Adipose_Subcutaneous/Cells_Cultured_fibroblasts/Thyroid/Breast_Mammary_Tissue/Artery_Aorta/Nerve_Tibial",NA
"ARFGEF2",10564,"DecodeME_gwas_1",1,"protein coding","GWAS","gwas_1",15579,NA,"DecodeME","eQTL","rs6012555","Small_Intestine_Terminal_Ileum/Adipose_Subcutaneous",NA
"ARFGEF2",10564,"DecodeME_gwas_1",1,"protein coding","GWAS","gwas_1",15579,NA,"DecodeME","eQTL","rs6066909","Small_Intestine_Terminal_Ileum/Adipose_Subcutaneous",NA
"ARFGEF2",10564,"DecodeME_gwas_2",1,"protein coding","GWAS","gwas_2",15579,NA,"DecodeME","eQTL","rs6012555","Small_Intestine_Terminal_Ileum/Adipose_Subcutaneous",NA
"ARFGEF2",10564,"DecodeME_gwas_2",1,"protein coding","GWAS","gwas_2",15579,NA,"DecodeME","eQTL","rs6066909","Small_Intestine_Terminal_Ileum/Adipose_Subcutaneous",NA
"ARFGEF2",10564,"DecodeME_gwas_1_female",1,"protein coding","GWAS","gwas_1_female",12833,NA,"DecodeME","eQTL","rs6012555","Small_Intestine_Terminal_Ileum/Adipose_Subcutaneous",NA
"ARFGEF2",10564,"DecodeME_gwas_1_female",1,"protein coding","GWAS","gwas_1_female",12833,NA,"DecodeME","eQTL","rs6066909","Small_Intestine_Terminal_Ileum/Adipose_Subcutaneous",NA
"BTN2A2",10385,"DecodeME_gwas_1",1,"protein coding","GWAS","gwas_1",15579,NA,"DecodeME","eQTL","rs3999543","Nerve_Tibial/Esophagus_Muscularis/Artery_Tibial/Adipose_Subcutaneous/Cells_Cultured_fibroblasts/Skin_Sun_Exposed_Lower_leg",NA
"CSE1L",1434,"DecodeME_gwas_1",1,"protein coding","GWAS","gwas_1",15579,NA,"DecodeME","eQTL","rs6012555","Brain_Nucleus_accumbens_basal_ganglia/Esophagus_Muscularis/Adipose_Visceral_Omentum/Pituitary/Nerve_Tibial/Pancreas/Muscle_Skeletal/Small_Intestine_Terminal_Ileum/Artery_Tibial/Heart_Left_Ventricle/Skin_Not_Sun_Exposed_Suprapubic/Colon_Sigmoid/Esophagus_Gastroesophageal_Junction/Colon_Transverse/Esophagus_Mucosa/Adipose_Subcutaneous/Thyroid/Artery_Coronary/Spleen/Heart_Atrial_Appendage/Liver/Artery_Aorta/Brain_Frontal_Cortex_BA9/Breast_Mammary_Tissue/Minor_Salivary_Gland/Adrenal_Gland/Brain_Cortex/Lung/Stomach/Skin_Sun_Exposed_Lower_leg",NA
"CSE1L",1434,"DecodeME_gwas_1",1,"protein coding","GWAS","gwas_1",15579,NA,"DecodeME","eQTL","rs6066909","Brain_Nucleus_accumbens_basal_ganglia/Esophagus_Muscularis/Adipose_Visceral_Omentum/Pituitary/Nerve_Tibial/Pancreas/Muscle_Skeletal/Small_Intestine_Terminal_Ileum/Artery_Tibial/Heart_Left_Ventricle/Skin_Not_Sun_Exposed_Suprapubic/Colon_Sigmoid/Esophagus_Gastroesophageal_Junction/Colon_Transverse/Esophagus_Mucosa/Adipose_Subcutaneous/Thyroid/Artery_Coronary/Spleen/Heart_Atrial_Appendage/Liver/Artery_Aorta/Brain_Frontal_Cortex_BA9/Breast_Mammary_Tissue/Minor_Salivary_Gland/Adrenal_Gland/Brain_Cortex/Lung/Stomach/Skin_Sun_Exposed_Lower_leg",NA
"CSE1L",1434,"DecodeME_gwas_2",1,"protein coding","GWAS","gwas_2",15579,NA,"DecodeME","eQTL","rs6012555","Brain_Nucleus_accumbens_basal_ganglia/Esophagus_Muscularis/Adipose_Visceral_Omentum/Pituitary/Nerve_Tibial/Pancreas/Muscle_Skeletal/Small_Intestine_Terminal_Ileum/Artery_Tibial/Heart_Left_Ventricle/Skin_Not_Sun_Exposed_Suprapubic/Colon_Sigmoid/Esophagus_Gastroesophageal_Junction/Colon_Transverse/Esophagus_Mucosa/Adipose_Subcutaneous/Thyroid/Artery_Coronary/Spleen/Heart_Atrial_Appendage/Liver/Artery_Aorta/Brain_Frontal_Cortex_BA9/Breast_Mammary_Tissue/Minor_Salivary_Gland/Adrenal_Gland/Brain_Cortex/Lung/Stomach/Skin_Sun_Exposed_Lower_leg",NA
"CSE1L",1434,"DecodeME_gwas_2",1,"protein coding","GWAS","gwas_2",15579,NA,"DecodeME","eQTL","rs6066909","Brain_Nucleus_accumbens_basal_ganglia/Esophagus_Muscularis/Adipose_Visceral_Omentum/Pituitary/Nerve_Tibial/Pancreas/Muscle_Skeletal/Small_Intestine_Terminal_Ileum/Artery_Tibial/Heart_Left_Ventricle/Skin_Not_Sun_Exposed_Suprapubic/Colon_Sigmoid/Esophagus_Gastroesophageal_Junction/Colon_Transverse/Esophagus_Mucosa/Adipose_Subcutaneous/Thyroid/Artery_Coronary/Spleen/Heart_Atrial_Appendage/Liver/Artery_Aorta/Brain_Frontal_Cortex_BA9/Breast_Mammary_Tissue/Minor_Salivary_Gland/Adrenal_Gland/Brain_Cortex/Lung/Stomach/Skin_Sun_Exposed_Lower_leg",NA
"CSE1L",1434,"DecodeME_gwas_1_female",1,"protein coding","GWAS","gwas_1_female",12833,NA,"DecodeME","eQTL","rs6012555","Brain_Nucleus_accumbens_basal_ganglia/Esophagus_Muscularis/Adipose_Visceral_Omentum/Pituitary/Nerve_Tibial/Pancreas/Muscle_Skeletal/Small_Intestine_Terminal_Ileum/Artery_Tibial/Heart_Left_Ventricle/Skin_Not_Sun_Exposed_Suprapubic/Colon_Sigmoid/Esophagus_Gastroesophageal_Junction/Colon_Transverse/Esophagus_Mucosa/Adipose_Subcutaneous/Thyroid/Artery_Coronary/Spleen/Heart_Atrial_Appendage/Liver/Artery_Aorta/Brain_Frontal_Cortex_BA9/Breast_Mammary_Tissue/Minor_Salivary_Gland/Adrenal_Gland/Brain_Cortex/Lung/Stomach/Skin_Sun_Exposed_Lower_leg",NA
"CSE1L",1434,"DecodeME_gwas_1_female",1,"protein coding","GWAS","gwas_1_female",12833,NA,"DecodeME","eQTL","rs6066909","Brain_Nucleus_accumbens_basal_ganglia/Esophagus_Muscularis/Adipose_Visceral_Omentum/Pituitary/Nerve_Tibial/Pancreas/Muscle_Skeletal/Small_Intestine_Terminal_Ileum/Artery_Tibial/Heart_Left_Ventricle/Skin_Not_Sun_Exposed_Suprapubic/Colon_Sigmoid/Esophagus_Gastroesophageal_Junction/Colon_Transverse/Esophagus_Mucosa/Adipose_Subcutaneous/Thyroid/Artery_Coronary/Spleen/Heart_Atrial_Appendage/Liver/Artery_Aorta/Brain_Frontal_Cortex_BA9/Breast_Mammary_Tissue/Minor_Salivary_Gland/Adrenal_Gland/Brain_Cortex/Lung/Stomach/Skin_Sun_Exposed_Lower_leg",NA
"DARS2",55157,"DecodeME_gwas_1",1,"protein coding","GWAS","gwas_1",15579,NA,"DecodeME","eQTL","rs1322775","Brain_Spinal_cord_cervical_c-1/Brain_Frontal_Cortex_BA9/Skin_Not_Sun_Exposed_Suprapubic/Brain_Anterior_cingulate_cortex_BA24/Esophagus_Muscularis/Brain_Nucleus_accumbens_basal_ganglia/Whole_Blood/Adipose_Visceral_Omentum/Artery_Coronary/Artery_Tibial/Cells_EBV-transformed_lymphocytes/Muscle_Skeletal/Cells_Cultured_fibroblasts/Brain_Cortex/Adipose_Subcutaneous/Heart_Atrial_Appendage/Heart_Left_Ventricle/Skin_Sun_Exposed_Lower_leg/Brain_Caudate_basal_ganglia/Brain_Putamen_basal_ganglia",NA
"DARS2",55157,"DecodeME_gwas_1",1,"protein coding","GWAS","gwas_1",15579,NA,"DecodeME","eQTL","rs1322777","Brain_Spinal_cord_cervical_c-1/Brain_Frontal_Cortex_BA9/Skin_Not_Sun_Exposed_Suprapubic/Brain_Anterior_cingulate_cortex_BA24/Esophagus_Muscularis/Brain_Nucleus_accumbens_basal_ganglia/Whole_Blood/Adipose_Visceral_Omentum/Artery_Coronary/Artery_Tibial/Cells_EBV-transformed_lymphocytes/Muscle_Skeletal/Cells_Cultured_fibroblasts/Brain_Cortex/Adipose_Subcutaneous/Heart_Atrial_Appendage/Heart_Left_Ventricle/Skin_Sun_Exposed_Lower_leg/Brain_Caudate_basal_ganglia/Brain_Putamen_basal_ganglia",NA
"DARS2",55157,"DecodeME_gwas_1",1,"protein coding","GWAS","gwas_1",15579,NA,"DecodeME","eQTL","rs2065171","Brain_Spinal_cord_cervical_c-1/Brain_Frontal_Cortex_BA9/Skin_Not_Sun_Exposed_Suprapubic/Brain_Anterior_cingulate_cortex_BA24/Esophagus_Muscularis/Brain_Nucleus_accumbens_basal_ganglia/Whole_Blood/Adipose_Visceral_Omentum/Artery_Coronary/Artery_Tibial/Cells_EBV-transformed_lymphocytes/Muscle_Skeletal/Cells_Cultured_fibroblasts/Brain_Cortex/Adipose_Subcutaneous/Heart_Atrial_Appendage/Heart_Left_Ventricle/Skin_Sun_Exposed_Lower_leg/Brain_Caudate_basal_ganglia/Brain_Putamen_basal_ganglia",NA
"DARS2",55157,"DecodeME_gwas_1",1,"protein coding","GWAS","gwas_1",15579,NA,"DecodeME","eQTL","rs9425435","Brain_Spinal_cord_cervical_c-1/Brain_Frontal_Cortex_BA9/Skin_Not_Sun_Exposed_Suprapubic/Brain_Anterior_cingulate_cortex_BA24/Esophagus_Muscularis/Brain_Nucleus_accumbens_basal_ganglia/Whole_Blood/Adipose_Visceral_Omentum/Artery_Coronary/Artery_Tibial/Cells_EBV-transformed_lymphocytes/Muscle_Skeletal/Cells_Cultured_fibroblasts/Brain_Cortex/Adipose_Subcutaneous/Heart_Atrial_Appendage/Heart_Left_Ventricle/Skin_Sun_Exposed_Lower_leg/Brain_Caudate_basal_ganglia/Brain_Putamen_basal_ganglia",NA
"DARS2",55157,"DecodeME_gwas_1",1,"protein coding","GWAS","gwas_1",15579,NA,"DecodeME","eQTL","rs9425757","Heart_Left_Ventricle/Brain_Caudate_basal_ganglia/Artery_Tibial/Brain_Anterior_cingulate_cortex_BA24/Esophagus_Muscularis/Whole_Blood/Brain_Frontal_Cortex_BA9/Adipose_Visceral_Omentum/Brain_Spinal_cord_cervical_c-1/Skin_Sun_Exposed_Lower_leg/Skin_Not_Sun_Exposed_Suprapubic/Muscle_Skeletal/Cells_Cultured_fibroblasts/Brain_Nucleus_accumbens_basal_ganglia/Brain_Cortex/Artery_Coronary/Adipose_Subcutaneous/Brain_Putamen_basal_ganglia/Heart_Atrial_Appendage/Cells_EBV-transformed_lymphocytes",NA
"DARS2",55157,"DecodeME_gwas_2",1,"protein coding","GWAS","gwas_2",15579,NA,"DecodeME","eQTL","rs1322775","Brain_Spinal_cord_cervical_c-1/Brain_Frontal_Cortex_BA9/Skin_Not_Sun_Exposed_Suprapubic/Brain_Anterior_cingulate_cortex_BA24/Esophagus_Muscularis/Brain_Nucleus_accumbens_basal_ganglia/Whole_Blood/Adipose_Visceral_Omentum/Artery_Coronary/Artery_Tibial/Cells_EBV-transformed_lymphocytes/Muscle_Skeletal/Cells_Cultured_fibroblasts/Brain_Cortex/Adipose_Subcutaneous/Heart_Atrial_Appendage/Heart_Left_Ventricle/Skin_Sun_Exposed_Lower_leg/Brain_Caudate_basal_ganglia/Brain_Putamen_basal_ganglia",NA
"DARS2",55157,"DecodeME_gwas_2",1,"protein coding","GWAS","gwas_2",15579,NA,"DecodeME","eQTL","rs1322777","Brain_Spinal_cord_cervical_c-1/Brain_Frontal_Cortex_BA9/Skin_Not_Sun_Exposed_Suprapubic/Brain_Anterior_cingulate_cortex_BA24/Esophagus_Muscularis/Brain_Nucleus_accumbens_basal_ganglia/Whole_Blood/Adipose_Visceral_Omentum/Artery_Coronary/Artery_Tibial/Cells_EBV-transformed_lymphocytes/Muscle_Skeletal/Cells_Cultured_fibroblasts/Brain_Cortex/Adipose_Subcutaneous/Heart_Atrial_Appendage/Heart_Left_Ventricle/Skin_Sun_Exposed_Lower_leg/Brain_Caudate_basal_ganglia/Brain_Putamen_basal_ganglia",NA
"DARS2",55157,"DecodeME_gwas_2",1,"protein coding","GWAS","gwas_2",15579,NA,"DecodeME","eQTL","rs2065171","Brain_Spinal_cord_cervical_c-1/Brain_Frontal_Cortex_BA9/Skin_Not_Sun_Exposed_Suprapubic/Brain_Anterior_cingulate_cortex_BA24/Esophagus_Muscularis/Brain_Nucleus_accumbens_basal_ganglia/Whole_Blood/Adipose_Visceral_Omentum/Artery_Coronary/Artery_Tibial/Cells_EBV-transformed_lymphocytes/Muscle_Skeletal/Cells_Cultured_fibroblasts/Brain_Cortex/Adipose_Subcutaneous/Heart_Atrial_Appendage/Heart_Left_Ventricle/Skin_Sun_Exposed_Lower_leg/Brain_Caudate_basal_ganglia/Brain_Putamen_basal_ganglia",NA
"DARS2",55157,"DecodeME_gwas_2",1,"protein coding","GWAS","gwas_2",15579,NA,"DecodeME","eQTL","rs9425435","Brain_Spinal_cord_cervical_c-1/Brain_Frontal_Cortex_BA9/Skin_Not_Sun_Exposed_Suprapubic/Brain_Anterior_cingulate_cortex_BA24/Esophagus_Muscularis/Brain_Nucleus_accumbens_basal_ganglia/Whole_Blood/Adipose_Visceral_Omentum/Artery_Coronary/Artery_Tibial/Cells_EBV-transformed_lymphocytes/Muscle_Skeletal/Cells_Cultured_fibroblasts/Brain_Cortex/Adipose_Subcutaneous/Heart_Atrial_Appendage/Heart_Left_Ventricle/Skin_Sun_Exposed_Lower_leg/Brain_Caudate_basal_ganglia/Brain_Putamen_basal_ganglia",NA
"DARS2",55157,"DecodeME_gwas_2",1,"protein coding","GWAS","gwas_2",15579,NA,"DecodeME","eQTL","rs9425757","Heart_Left_Ventricle/Brain_Caudate_basal_ganglia/Artery_Tibial/Brain_Anterior_cingulate_cortex_BA24/Esophagus_Muscularis/Whole_Blood/Brain_Frontal_Cortex_BA9/Adipose_Visceral_Omentum/Brain_Spinal_cord_cervical_c-1/Skin_Sun_Exposed_Lower_leg/Skin_Not_Sun_Exposed_Suprapubic/Muscle_Skeletal/Cells_Cultured_fibroblasts/Brain_Nucleus_accumbens_basal_ganglia/Brain_Cortex/Artery_Coronary/Adipose_Subcutaneous/Brain_Putamen_basal_ganglia/Heart_Atrial_Appendage/Cells_EBV-transformed_lymphocytes",NA
"KLHL20",27252,"DecodeME_gwas_1",1,"protein coding","GWAS","gwas_1",15579,NA,"DecodeME","eQTL","rs1322775","Adipose_Subcutaneous/Esophagus_Mucosa/Cells_Cultured_fibroblasts/Esophagus_Muscularis/Thyroid",NA
"KLHL20",27252,"DecodeME_gwas_1",1,"protein coding","GWAS","gwas_1",15579,NA,"DecodeME","eQTL","rs1322777","Adipose_Subcutaneous/Esophagus_Mucosa/Cells_Cultured_fibroblasts/Esophagus_Muscularis/Thyroid",NA
"KLHL20",27252,"DecodeME_gwas_1",1,"protein coding","GWAS","gwas_1",15579,NA,"DecodeME","eQTL","rs2065171","Adipose_Subcutaneous/Esophagus_Mucosa/Cells_Cultured_fibroblasts/Esophagus_Muscularis/Thyroid",NA
"KLHL20",27252,"DecodeME_gwas_1",1,"protein coding","GWAS","gwas_1",15579,NA,"DecodeME","eQTL","rs9425435","Adipose_Subcutaneous/Esophagus_Mucosa/Cells_Cultured_fibroblasts/Esophagus_Muscularis/Thyroid",NA
"KLHL20",27252,"DecodeME_gwas_1",1,"protein coding","GWAS","gwas_1",15579,NA,"DecodeME","eQTL","rs9425757","Cells_Cultured_fibroblasts/Thyroid/Adipose_Subcutaneous/Esophagus_Mucosa",NA
"KLHL20",27252,"DecodeME_gwas_2",1,"protein coding","GWAS","gwas_2",15579,NA,"DecodeME","eQTL","rs1322775","Adipose_Subcutaneous/Esophagus_Mucosa/Cells_Cultured_fibroblasts/Esophagus_Muscularis/Thyroid",NA
"KLHL20",27252,"DecodeME_gwas_2",1,"protein coding","GWAS","gwas_2",15579,NA,"DecodeME","eQTL","rs1322777","Adipose_Subcutaneous/Esophagus_Mucosa/Cells_Cultured_fibroblasts/Esophagus_Muscularis/Thyroid",NA
"KLHL20",27252,"DecodeME_gwas_2",1,"protein coding","GWAS","gwas_2",15579,NA,"DecodeME","eQTL","rs2065171","Adipose_Subcutaneous/Esophagus_Mucosa/Cells_Cultured_fibroblasts/Esophagus_Muscularis/Thyroid",NA
"KLHL20",27252,"DecodeME_gwas_2",1,"protein coding","GWAS","gwas_2",15579,NA,"DecodeME","eQTL","rs9425435","Adipose_Subcutaneous/Esophagus_Mucosa/Cells_Cultured_fibroblasts/Esophagus_Muscularis/Thyroid",NA
"KLHL20",27252,"DecodeME_gwas_2",1,"protein coding","GWAS","gwas_2",15579,NA,"DecodeME","eQTL","rs9425757","Cells_Cultured_fibroblasts/Thyroid/Adipose_Subcutaneous/Esophagus_Mucosa",NA
"OLFM4",10562,"DecodeME_gwas_2",1,"protein coding","GWAS","gwas_2",15579,NA,"DecodeME","eQTL","rs1923773","Artery_Aorta",NA
"OLFM4",10562,"DecodeME_gwas_2",1,"protein coding","GWAS","gwas_2",15579,NA,"DecodeME","eQTL","rs71430868","Artery_Aorta",NA
"OLFM4",10562,"DecodeME_gwas_1_infectious_onset",1,"protein coding","GWAS","gwas_1_infectious_onset",9738,NA,"DecodeME","eQTL","rs1923773","Artery_Aorta",NA
"OLFM4",10562,"DecodeME_gwas_1_infectious_onset",1,"protein coding","GWAS","gwas_1_infectious_onset",9738,NA,"DecodeME","eQTL","rs71430868","Artery_Aorta",NA
"OLFM4",10562,"DecodeME_gwas_1_infectious_onset",1,"protein coding","GWAS","gwas_1_infectious_onset",9738,NA,"DecodeME","eQTL","rs9536375","Artery_Aorta",NA
"PRDX6",9588,"DecodeME_gwas_1",1,"protein coding","GWAS","gwas_1",15579,NA,"DecodeME","eQTL","rs1322775","Whole_Blood/Thyroid/Muscle_Skeletal/Spleen",NA
"PRDX6",9588,"DecodeME_gwas_1",1,"protein coding","GWAS","gwas_1",15579,NA,"DecodeME","eQTL","rs1322777","Whole_Blood/Thyroid/Muscle_Skeletal/Spleen",NA
"PRDX6",9588,"DecodeME_gwas_1",1,"protein coding","GWAS","gwas_1",15579,NA,"DecodeME","eQTL","rs2065171","Whole_Blood/Thyroid/Muscle_Skeletal/Spleen",NA
"PRDX6",9588,"DecodeME_gwas_1",1,"protein coding","GWAS","gwas_1",15579,NA,"DecodeME","eQTL","rs9425435","Whole_Blood/Thyroid/Muscle_Skeletal/Spleen",NA
"PRDX6",9588,"DecodeME_gwas_1",1,"protein coding","GWAS","gwas_1",15579,NA,"DecodeME","eQTL","rs9425757","Thyroid/Muscle_Skeletal/Nerve_Tibial/Whole_Blood/Spleen/Esophagus_Mucosa",NA
"PRDX6",9588,"DecodeME_gwas_2",1,"protein coding","GWAS","gwas_2",15579,NA,"DecodeME","eQTL","rs1322775","Whole_Blood/Thyroid/Muscle_Skeletal/Spleen",NA
"PRDX6",9588,"DecodeME_gwas_2",1,"protein coding","GWAS","gwas_2",15579,NA,"DecodeME","eQTL","rs1322777","Whole_Blood/Thyroid/Muscle_Skeletal/Spleen",NA
"PRDX6",9588,"DecodeME_gwas_2",1,"protein coding","GWAS","gwas_2",15579,NA,"DecodeME","eQTL","rs2065171","Whole_Blood/Thyroid/Muscle_Skeletal/Spleen",NA
"PRDX6",9588,"DecodeME_gwas_2",1,"protein coding","GWAS","gwas_2",15579,NA,"DecodeME","eQTL","rs9425435","Whole_Blood/Thyroid/Muscle_Skeletal/Spleen",NA
"PRDX6",9588,"DecodeME_gwas_2",1,"protein coding","GWAS","gwas_2",15579,NA,"DecodeME","eQTL","rs9425757","Thyroid/Muscle_Skeletal/Nerve_Tibial/Whole_Blood/Spleen/Esophagus_Mucosa",NA
"RABGAP1L",9910,"DecodeME_gwas_1",1,"protein coding","GWAS","gwas_1",15579,NA,"DecodeME","eQTL","rs1322775","Brain_Caudate_basal_ganglia/Adipose_Visceral_Omentum/Heart_Atrial_Appendage/Brain_Frontal_Cortex_BA9/Thyroid/Pituitary/Nerve_Tibial/Spleen/Pancreas/Brain_Spinal_cord_cervical_c-1/Skin_Not_Sun_Exposed_Suprapubic/Stomach/Esophagus_Muscularis/Muscle_Skeletal/Skin_Sun_Exposed_Lower_leg/Brain_Cortex/Minor_Salivary_Gland/Whole_Blood/Breast_Mammary_Tissue/Cells_Cultured_fibroblasts/Adipose_Subcutaneous/Lung",NA
"RABGAP1L",9910,"DecodeME_gwas_1",1,"protein coding","GWAS","gwas_1",15579,NA,"DecodeME","eQTL","rs1322777","Brain_Caudate_basal_ganglia/Adipose_Visceral_Omentum/Heart_Atrial_Appendage/Brain_Frontal_Cortex_BA9/Thyroid/Pituitary/Nerve_Tibial/Spleen/Pancreas/Brain_Spinal_cord_cervical_c-1/Skin_Not_Sun_Exposed_Suprapubic/Stomach/Esophagus_Muscularis/Muscle_Skeletal/Skin_Sun_Exposed_Lower_leg/Brain_Cortex/Minor_Salivary_Gland/Whole_Blood/Breast_Mammary_Tissue/Cells_Cultured_fibroblasts/Adipose_Subcutaneous/Lung",NA
"RABGAP1L",9910,"DecodeME_gwas_1",1,"protein coding","GWAS","gwas_1",15579,NA,"DecodeME","eQTL","rs2065171","Brain_Caudate_basal_ganglia/Adipose_Visceral_Omentum/Heart_Atrial_Appendage/Brain_Frontal_Cortex_BA9/Thyroid/Pituitary/Nerve_Tibial/Spleen/Pancreas/Brain_Spinal_cord_cervical_c-1/Skin_Not_Sun_Exposed_Suprapubic/Stomach/Esophagus_Muscularis/Muscle_Skeletal/Skin_Sun_Exposed_Lower_leg/Brain_Cortex/Minor_Salivary_Gland/Whole_Blood/Breast_Mammary_Tissue/Cells_Cultured_fibroblasts/Adipose_Subcutaneous/Lung",NA
"RABGAP1L",9910,"DecodeME_gwas_1",1,"protein coding","GWAS","gwas_1",15579,NA,"DecodeME","eQTL","rs9425435","Brain_Caudate_basal_ganglia/Adipose_Visceral_Omentum/Heart_Atrial_Appendage/Brain_Frontal_Cortex_BA9/Thyroid/Pituitary/Nerve_Tibial/Spleen/Pancreas/Brain_Spinal_cord_cervical_c-1/Skin_Not_Sun_Exposed_Suprapubic/Stomach/Esophagus_Muscularis/Muscle_Skeletal/Skin_Sun_Exposed_Lower_leg/Brain_Cortex/Minor_Salivary_Gland/Whole_Blood/Breast_Mammary_Tissue/Cells_Cultured_fibroblasts/Adipose_Subcutaneous/Lung",NA
"RABGAP1L",9910,"DecodeME_gwas_1",1,"protein coding","GWAS","gwas_1",15579,NA,"DecodeME","eQTL","rs9425757","Esophagus_Muscularis/Adipose_Visceral_Omentum/Spleen/Whole_Blood/Brain_Spinal_cord_cervical_c-1/Pancreas/Thyroid/Nerve_Tibial/Lung/Skin_Not_Sun_Exposed_Suprapubic/Brain_Frontal_Cortex_BA9/Adipose_Subcutaneous/Stomach/Heart_Atrial_Appendage/Pituitary/Cells_Cultured_fibroblasts/Brain_Cortex/Breast_Mammary_Tissue/Skin_Sun_Exposed_Lower_leg",NA
"RABGAP1L",9910,"DecodeME_gwas_2",1,"protein coding","GWAS","gwas_2",15579,NA,"DecodeME","eQTL","rs1322775","Brain_Caudate_basal_ganglia/Adipose_Visceral_Omentum/Heart_Atrial_Appendage/Brain_Frontal_Cortex_BA9/Thyroid/Pituitary/Nerve_Tibial/Spleen/Pancreas/Brain_Spinal_cord_cervical_c-1/Skin_Not_Sun_Exposed_Suprapubic/Stomach/Esophagus_Muscularis/Muscle_Skeletal/Skin_Sun_Exposed_Lower_leg/Brain_Cortex/Minor_Salivary_Gland/Whole_Blood/Breast_Mammary_Tissue/Cells_Cultured_fibroblasts/Adipose_Subcutaneous/Lung",NA
"RABGAP1L",9910,"DecodeME_gwas_2",1,"protein coding","GWAS","gwas_2",15579,NA,"DecodeME","eQTL","rs1322777","Brain_Caudate_basal_ganglia/Adipose_Visceral_Omentum/Heart_Atrial_Appendage/Brain_Frontal_Cortex_BA9/Thyroid/Pituitary/Nerve_Tibial/Spleen/Pancreas/Brain_Spinal_cord_cervical_c-1/Skin_Not_Sun_Exposed_Suprapubic/Stomach/Esophagus_Muscularis/Muscle_Skeletal/Skin_Sun_Exposed_Lower_leg/Brain_Cortex/Minor_Salivary_Gland/Whole_Blood/Breast_Mammary_Tissue/Cells_Cultured_fibroblasts/Adipose_Subcutaneous/Lung",NA
"RABGAP1L",9910,"DecodeME_gwas_2",1,"protein coding","GWAS","gwas_2",15579,NA,"DecodeME","eQTL","rs2065171","Brain_Caudate_basal_ganglia/Adipose_Visceral_Omentum/Heart_Atrial_Appendage/Brain_Frontal_Cortex_BA9/Thyroid/Pituitary/Nerve_Tibial/Spleen/Pancreas/Brain_Spinal_cord_cervical_c-1/Skin_Not_Sun_Exposed_Suprapubic/Stomach/Esophagus_Muscularis/Muscle_Skeletal/Skin_Sun_Exposed_Lower_leg/Brain_Cortex/Minor_Salivary_Gland/Whole_Blood/Breast_Mammary_Tissue/Cells_Cultured_fibroblasts/Adipose_Subcutaneous/Lung",NA
"RABGAP1L",9910,"DecodeME_gwas_2",1,"protein coding","GWAS","gwas_2",15579,NA,"DecodeME","eQTL","rs9425435","Brain_Caudate_basal_ganglia/Adipose_Visceral_Omentum/Heart_Atrial_Appendage/Brain_Frontal_Cortex_BA9/Thyroid/Pituitary/Nerve_Tibial/Spleen/Pancreas/Brain_Spinal_cord_cervical_c-1/Skin_Not_Sun_Exposed_Suprapubic/Stomach/Esophagus_Muscularis/Muscle_Skeletal/Skin_Sun_Exposed_Lower_leg/Brain_Cortex/Minor_Salivary_Gland/Whole_Blood/Breast_Mammary_Tissue/Cells_Cultured_fibroblasts/Adipose_Subcutaneous/Lung",NA
"RABGAP1L",9910,"DecodeME_gwas_2",1,"protein coding","GWAS","gwas_2",15579,NA,"DecodeME","eQTL","rs9425757","Esophagus_Muscularis/Adipose_Visceral_Omentum/Spleen/Whole_Blood/Brain_Spinal_cord_cervical_c-1/Pancreas/Thyroid/Nerve_Tibial/Lung/Skin_Not_Sun_Exposed_Suprapubic/Brain_Frontal_Cortex_BA9/Adipose_Subcutaneous/Stomach/Heart_Atrial_Appendage/Pituitary/Cells_Cultured_fibroblasts/Brain_Cortex/Breast_Mammary_Tissue/Skin_Sun_Exposed_Lower_leg",NA
"RC3H1",149041,"DecodeME_gwas_1",1,"protein coding","GWAS","gwas_1",15579,NA,"DecodeME","eQTL","rs1322775","Cells_Cultured_fibroblasts/Nerve_Tibial/Brain_Cerebellar_Hemisphere/Brain_Cerebellum",NA
"RC3H1",149041,"DecodeME_gwas_1",1,"protein coding","GWAS","gwas_1",15579,NA,"DecodeME","eQTL","rs1322777","Cells_Cultured_fibroblasts/Nerve_Tibial/Brain_Cerebellar_Hemisphere/Brain_Cerebellum",NA
"RC3H1",149041,"DecodeME_gwas_1",1,"protein coding","GWAS","gwas_1",15579,NA,"DecodeME","eQTL","rs2065171","Cells_Cultured_fibroblasts/Nerve_Tibial/Brain_Cerebellar_Hemisphere/Brain_Cerebellum",NA
"RC3H1",149041,"DecodeME_gwas_1",1,"protein coding","GWAS","gwas_1",15579,NA,"DecodeME","eQTL","rs9425435","Cells_Cultured_fibroblasts/Nerve_Tibial/Brain_Cerebellar_Hemisphere/Brain_Cerebellum",NA
"RC3H1",149041,"DecodeME_gwas_1",1,"protein coding","GWAS","gwas_1",15579,NA,"DecodeME","eQTL","rs9425757","Brain_Cerebellar_Hemisphere/Nerve_Tibial/Cells_Cultured_fibroblasts/Brain_Cerebellum",NA
"RC3H1",149041,"DecodeME_gwas_2",1,"protein coding","GWAS","gwas_2",15579,NA,"DecodeME","eQTL","rs1322775","Cells_Cultured_fibroblasts/Nerve_Tibial/Brain_Cerebellar_Hemisphere/Brain_Cerebellum",NA
"RC3H1",149041,"DecodeME_gwas_2",1,"protein coding","GWAS","gwas_2",15579,NA,"DecodeME","eQTL","rs1322777","Cells_Cultured_fibroblasts/Nerve_Tibial/Brain_Cerebellar_Hemisphere/Brain_Cerebellum",NA
"RC3H1",149041,"DecodeME_gwas_2",1,"protein coding","GWAS","gwas_2",15579,NA,"DecodeME","eQTL","rs2065171","Cells_Cultured_fibroblasts/Nerve_Tibial/Brain_Cerebellar_Hemisphere/Brain_Cerebellum",NA
"RC3H1",149041,"DecodeME_gwas_2",1,"protein coding","GWAS","gwas_2",15579,NA,"DecodeME","eQTL","rs9425435","Cells_Cultured_fibroblasts/Nerve_Tibial/Brain_Cerebellar_Hemisphere/Brain_Cerebellum",NA
"RC3H1",149041,"DecodeME_gwas_2",1,"protein coding","GWAS","gwas_2",15579,NA,"DecodeME","eQTL","rs9425757","Brain_Cerebellar_Hemisphere/Nerve_Tibial/Cells_Cultured_fibroblasts/Brain_Cerebellum",NA
"SERPINC1",462,"DecodeME_gwas_1",1,"protein coding","GWAS","gwas_1",15579,NA,"DecodeME","eQTL","rs1322775","Esophagus_Gastroesophageal_Junction/Brain_Hypothalamus/Esophagus_Muscularis/Muscle_Skeletal/Skin_Sun_Exposed_Lower_leg/Adipose_Visceral_Omentum/Artery_Tibial/Whole_Blood/Brain_Hippocampus/Brain_Putamen_basal_ganglia/Brain_Caudate_basal_ganglia/Heart_Left_Ventricle/Skin_Not_Sun_Exposed_Suprapubic/Heart_Atrial_Appendage/Brain_Anterior_cingulate_cortex_BA24/Lung/Brain_Nucleus_accumbens_basal_ganglia/Colon_Sigmoid/Adipose_Subcutaneous/Spleen/Artery_Coronary/Nerve_Tibial/Thyroid/Brain_Cortex",NA
"SERPINC1",462,"DecodeME_gwas_1",1,"protein coding","GWAS","gwas_1",15579,NA,"DecodeME","eQTL","rs1322777","Esophagus_Gastroesophageal_Junction/Brain_Hypothalamus/Esophagus_Muscularis/Muscle_Skeletal/Skin_Sun_Exposed_Lower_leg/Adipose_Visceral_Omentum/Artery_Tibial/Whole_Blood/Brain_Hippocampus/Brain_Putamen_basal_ganglia/Brain_Caudate_basal_ganglia/Heart_Left_Ventricle/Skin_Not_Sun_Exposed_Suprapubic/Heart_Atrial_Appendage/Brain_Anterior_cingulate_cortex_BA24/Lung/Brain_Nucleus_accumbens_basal_ganglia/Colon_Sigmoid/Adipose_Subcutaneous/Spleen/Artery_Coronary/Nerve_Tibial/Thyroid/Brain_Cortex",NA
"SERPINC1",462,"DecodeME_gwas_1",1,"protein coding","GWAS","gwas_1",15579,NA,"DecodeME","eQTL","rs2065171","Esophagus_Gastroesophageal_Junction/Brain_Hypothalamus/Esophagus_Muscularis/Muscle_Skeletal/Skin_Sun_Exposed_Lower_leg/Adipose_Visceral_Omentum/Artery_Tibial/Whole_Blood/Brain_Hippocampus/Brain_Putamen_basal_ganglia/Brain_Caudate_basal_ganglia/Heart_Left_Ventricle/Skin_Not_Sun_Exposed_Suprapubic/Heart_Atrial_Appendage/Brain_Anterior_cingulate_cortex_BA24/Lung/Brain_Nucleus_accumbens_basal_ganglia/Colon_Sigmoid/Adipose_Subcutaneous/Spleen/Artery_Coronary/Nerve_Tibial/Thyroid/Brain_Cortex",NA
"SERPINC1",462,"DecodeME_gwas_1",1,"protein coding","GWAS","gwas_1",15579,NA,"DecodeME","eQTL","rs9425435","Esophagus_Gastroesophageal_Junction/Brain_Hypothalamus/Esophagus_Muscularis/Muscle_Skeletal/Skin_Sun_Exposed_Lower_leg/Adipose_Visceral_Omentum/Artery_Tibial/Whole_Blood/Brain_Hippocampus/Brain_Putamen_basal_ganglia/Brain_Caudate_basal_ganglia/Heart_Left_Ventricle/Skin_Not_Sun_Exposed_Suprapubic/Heart_Atrial_Appendage/Brain_Anterior_cingulate_cortex_BA24/Lung/Brain_Nucleus_accumbens_basal_ganglia/Colon_Sigmoid/Adipose_Subcutaneous/Spleen/Artery_Coronary/Nerve_Tibial/Thyroid/Brain_Cortex",NA
"SERPINC1",462,"DecodeME_gwas_1",1,"protein coding","GWAS","gwas_1",15579,NA,"DecodeME","eQTL","rs9425757","Brain_Caudate_basal_ganglia/Esophagus_Muscularis/Adipose_Visceral_Omentum/Spleen/Whole_Blood/Heart_Atrial_Appendage/Esophagus_Gastroesophageal_Junction/Brain_Nucleus_accumbens_basal_ganglia/Nerve_Tibial/Artery_Tibial/Brain_Hippocampus/Muscle_Skeletal/Heart_Left_Ventricle/Adipose_Subcutaneous/Colon_Sigmoid/Artery_Coronary/Skin_Sun_Exposed_Lower_leg/Skin_Not_Sun_Exposed_Suprapubic/Brain_Anterior_cingulate_cortex_BA24/Esophagus_Mucosa/Brain_Hypothalamus/Brain_Cortex/Lung/Brain_Putamen_basal_ganglia/Thyroid",NA
"SERPINC1",462,"DecodeME_gwas_2",1,"protein coding","GWAS","gwas_2",15579,NA,"DecodeME","eQTL","rs1322775","Esophagus_Gastroesophageal_Junction/Brain_Hypothalamus/Esophagus_Muscularis/Muscle_Skeletal/Skin_Sun_Exposed_Lower_leg/Adipose_Visceral_Omentum/Artery_Tibial/Whole_Blood/Brain_Hippocampus/Brain_Putamen_basal_ganglia/Brain_Caudate_basal_ganglia/Heart_Left_Ventricle/Skin_Not_Sun_Exposed_Suprapubic/Heart_Atrial_Appendage/Brain_Anterior_cingulate_cortex_BA24/Lung/Brain_Nucleus_accumbens_basal_ganglia/Colon_Sigmoid/Adipose_Subcutaneous/Spleen/Artery_Coronary/Nerve_Tibial/Thyroid/Brain_Cortex",NA
"SERPINC1",462,"DecodeME_gwas_2",1,"protein coding","GWAS","gwas_2",15579,NA,"DecodeME","eQTL","rs1322777","Esophagus_Gastroesophageal_Junction/Brain_Hypothalamus/Esophagus_Muscularis/Muscle_Skeletal/Skin_Sun_Exposed_Lower_leg/Adipose_Visceral_Omentum/Artery_Tibial/Whole_Blood/Brain_Hippocampus/Brain_Putamen_basal_ganglia/Brain_Caudate_basal_ganglia/Heart_Left_Ventricle/Skin_Not_Sun_Exposed_Suprapubic/Heart_Atrial_Appendage/Brain_Anterior_cingulate_cortex_BA24/Lung/Brain_Nucleus_accumbens_basal_ganglia/Colon_Sigmoid/Adipose_Subcutaneous/Spleen/Artery_Coronary/Nerve_Tibial/Thyroid/Brain_Cortex",NA
"SERPINC1",462,"DecodeME_gwas_2",1,"protein coding","GWAS","gwas_2",15579,NA,"DecodeME","eQTL","rs2065171","Esophagus_Gastroesophageal_Junction/Brain_Hypothalamus/Esophagus_Muscularis/Muscle_Skeletal/Skin_Sun_Exposed_Lower_leg/Adipose_Visceral_Omentum/Artery_Tibial/Whole_Blood/Brain_Hippocampus/Brain_Putamen_basal_ganglia/Brain_Caudate_basal_ganglia/Heart_Left_Ventricle/Skin_Not_Sun_Exposed_Suprapubic/Heart_Atrial_Appendage/Brain_Anterior_cingulate_cortex_BA24/Lung/Brain_Nucleus_accumbens_basal_ganglia/Colon_Sigmoid/Adipose_Subcutaneous/Spleen/Artery_Coronary/Nerve_Tibial/Thyroid/Brain_Cortex",NA
"SERPINC1",462,"DecodeME_gwas_2",1,"protein coding","GWAS","gwas_2",15579,NA,"DecodeME","eQTL","rs9425435","Esophagus_Gastroesophageal_Junction/Brain_Hypothalamus/Esophagus_Muscularis/Muscle_Skeletal/Skin_Sun_Exposed_Lower_leg/Adipose_Visceral_Omentum/Artery_Tibial/Whole_Blood/Brain_Hippocampus/Brain_Putamen_basal_ganglia/Brain_Caudate_basal_ganglia/Heart_Left_Ventricle/Skin_Not_Sun_Exposed_Suprapubic/Heart_Atrial_Appendage/Brain_Anterior_cingulate_cortex_BA24/Lung/Brain_Nucleus_accumbens_basal_ganglia/Colon_Sigmoid/Adipose_Subcutaneous/Spleen/Artery_Coronary/Nerve_Tibial/Thyroid/Brain_Cortex",NA
"SERPINC1",462,"DecodeME_gwas_2",1,"protein coding","GWAS","gwas_2",15579,NA,"DecodeME","eQTL","rs9425757","Brain_Caudate_basal_ganglia/Esophagus_Muscularis/Adipose_Visceral_Omentum/Spleen/Whole_Blood/Heart_Atrial_Appendage/Esophagus_Gastroesophageal_Junction/Brain_Nucleus_accumbens_basal_ganglia/Nerve_Tibial/Artery_Tibial/Brain_Hippocampus/Muscle_Skeletal/Heart_Left_Ventricle/Adipose_Subcutaneous/Colon_Sigmoid/Artery_Coronary/Skin_Sun_Exposed_Lower_leg/Skin_Not_Sun_Exposed_Suprapubic/Brain_Anterior_cingulate_cortex_BA24/Esophagus_Mucosa/Brain_Hypothalamus/Brain_Cortex/Lung/Brain_Putamen_basal_ganglia/Thyroid",NA
"SLC9C2",284525,"DecodeME_gwas_1",1,"protein coding","GWAS","gwas_1",15579,NA,"DecodeME","eQTL","rs1322775","Brain_Nucleus_accumbens_basal_ganglia/Brain_Hypothalamus/Brain_Caudate_basal_ganglia/Brain_Spinal_cord_cervical_c-1/Nerve_Tibial/Brain_Hippocampus/Pituitary/Brain_Frontal_Cortex_BA9/Lung/Brain_Anterior_cingulate_cortex_BA24/Thyroid/Brain_Cortex/Brain_Putamen_basal_ganglia",NA
"SLC9C2",284525,"DecodeME_gwas_1",1,"protein coding","GWAS","gwas_1",15579,NA,"DecodeME","eQTL","rs1322777","Brain_Nucleus_accumbens_basal_ganglia/Brain_Hypothalamus/Brain_Caudate_basal_ganglia/Brain_Spinal_cord_cervical_c-1/Nerve_Tibial/Brain_Hippocampus/Pituitary/Brain_Frontal_Cortex_BA9/Lung/Brain_Anterior_cingulate_cortex_BA24/Thyroid/Brain_Cortex/Brain_Putamen_basal_ganglia",NA
"SLC9C2",284525,"DecodeME_gwas_1",1,"protein coding","GWAS","gwas_1",15579,NA,"DecodeME","eQTL","rs2065171","Brain_Nucleus_accumbens_basal_ganglia/Brain_Hypothalamus/Brain_Caudate_basal_ganglia/Brain_Spinal_cord_cervical_c-1/Nerve_Tibial/Brain_Hippocampus/Pituitary/Brain_Frontal_Cortex_BA9/Lung/Brain_Anterior_cingulate_cortex_BA24/Thyroid/Brain_Cortex/Brain_Putamen_basal_ganglia",NA
"SLC9C2",284525,"DecodeME_gwas_1",1,"protein coding","GWAS","gwas_1",15579,NA,"DecodeME","eQTL","rs9425435","Brain_Nucleus_accumbens_basal_ganglia/Brain_Hypothalamus/Brain_Caudate_basal_ganglia/Brain_Spinal_cord_cervical_c-1/Nerve_Tibial/Brain_Hippocampus/Pituitary/Brain_Frontal_Cortex_BA9/Lung/Brain_Anterior_cingulate_cortex_BA24/Thyroid/Brain_Cortex/Brain_Putamen_basal_ganglia",NA
"SLC9C2",284525,"DecodeME_gwas_1",1,"protein coding","GWAS","gwas_1",15579,NA,"DecodeME","eQTL","rs9425757","Brain_Nucleus_accumbens_basal_ganglia/Brain_Hypothalamus/Pituitary/Thyroid/Brain_Frontal_Cortex_BA9/Brain_Anterior_cingulate_cortex_BA24/Brain_Spinal_cord_cervical_c-1/Brain_Putamen_basal_ganglia/Brain_Cortex/Brain_Caudate_basal_ganglia/Nerve_Tibial/Lung",NA
"SLC9C2",284525,"DecodeME_gwas_2",1,"protein coding","GWAS","gwas_2",15579,NA,"DecodeME","eQTL","rs1322775","Brain_Nucleus_accumbens_basal_ganglia/Brain_Hypothalamus/Brain_Caudate_basal_ganglia/Brain_Spinal_cord_cervical_c-1/Nerve_Tibial/Brain_Hippocampus/Pituitary/Brain_Frontal_Cortex_BA9/Lung/Brain_Anterior_cingulate_cortex_BA24/Thyroid/Brain_Cortex/Brain_Putamen_basal_ganglia",NA
"SLC9C2",284525,"DecodeME_gwas_2",1,"protein coding","GWAS","gwas_2",15579,NA,"DecodeME","eQTL","rs1322777","Brain_Nucleus_accumbens_basal_ganglia/Brain_Hypothalamus/Brain_Caudate_basal_ganglia/Brain_Spinal_cord_cervical_c-1/Nerve_Tibial/Brain_Hippocampus/Pituitary/Brain_Frontal_Cortex_BA9/Lung/Brain_Anterior_cingulate_cortex_BA24/Thyroid/Brain_Cortex/Brain_Putamen_basal_ganglia",NA
"SLC9C2",284525,"DecodeME_gwas_2",1,"protein coding","GWAS","gwas_2",15579,NA,"DecodeME","eQTL","rs2065171","Brain_Nucleus_accumbens_basal_ganglia/Brain_Hypothalamus/Brain_Caudate_basal_ganglia/Brain_Spinal_cord_cervical_c-1/Nerve_Tibial/Brain_Hippocampus/Pituitary/Brain_Frontal_Cortex_BA9/Lung/Brain_Anterior_cingulate_cortex_BA24/Thyroid/Brain_Cortex/Brain_Putamen_basal_ganglia",NA
"SLC9C2",284525,"DecodeME_gwas_2",1,"protein coding","GWAS","gwas_2",15579,NA,"DecodeME","eQTL","rs9425435","Brain_Nucleus_accumbens_basal_ganglia/Brain_Hypothalamus/Brain_Caudate_basal_ganglia/Brain_Spinal_cord_cervical_c-1/Nerve_Tibial/Brain_Hippocampus/Pituitary/Brain_Frontal_Cortex_BA9/Lung/Brain_Anterior_cingulate_cortex_BA24/Thyroid/Brain_Cortex/Brain_Putamen_basal_ganglia",NA
"SLC9C2",284525,"DecodeME_gwas_2",1,"protein coding","GWAS","gwas_2",15579,NA,"DecodeME","eQTL","rs9425757","Brain_Nucleus_accumbens_basal_ganglia/Brain_Hypothalamus/Pituitary/Thyroid/Brain_Frontal_Cortex_BA9/Brain_Anterior_cingulate_cortex_BA24/Brain_Spinal_cord_cervical_c-1/Brain_Putamen_basal_ganglia/Brain_Cortex/Brain_Caudate_basal_ganglia/Nerve_Tibial/Lung",NA
"STAU1",6780,"DecodeME_gwas_1",1,"protein coding","GWAS","gwas_1",15579,NA,"DecodeME","eQTL","rs6012555","Brain_Hypothalamus/Brain_Frontal_Cortex_BA9/Cells_Cultured_fibroblasts/Brain_Cortex/Brain_Putamen_basal_ganglia/Muscle_Skeletal/Skin_Sun_Exposed_Lower_leg/Adrenal_Gland",NA
"STAU1",6780,"DecodeME_gwas_1",1,"protein coding","GWAS","gwas_1",15579,NA,"DecodeME","eQTL","rs6066909","Brain_Hypothalamus/Brain_Frontal_Cortex_BA9/Cells_Cultured_fibroblasts/Brain_Cortex/Brain_Putamen_basal_ganglia/Muscle_Skeletal/Skin_Sun_Exposed_Lower_leg/Adrenal_Gland",NA
"STAU1",6780,"DecodeME_gwas_2",1,"protein coding","GWAS","gwas_2",15579,NA,"DecodeME","eQTL","rs6012555","Brain_Hypothalamus/Brain_Frontal_Cortex_BA9/Cells_Cultured_fibroblasts/Brain_Cortex/Brain_Putamen_basal_ganglia/Muscle_Skeletal/Skin_Sun_Exposed_Lower_leg/Adrenal_Gland",NA
"STAU1",6780,"DecodeME_gwas_2",1,"protein coding","GWAS","gwas_2",15579,NA,"DecodeME","eQTL","rs6066909","Brain_Hypothalamus/Brain_Frontal_Cortex_BA9/Cells_Cultured_fibroblasts/Brain_Cortex/Brain_Putamen_basal_ganglia/Muscle_Skeletal/Skin_Sun_Exposed_Lower_leg/Adrenal_Gland",NA
"STAU1",6780,"DecodeME_gwas_1_female",1,"protein coding","GWAS","gwas_1_female",12833,NA,"DecodeME","eQTL","rs6012555","Brain_Hypothalamus/Brain_Frontal_Cortex_BA9/Cells_Cultured_fibroblasts/Brain_Cortex/Brain_Putamen_basal_ganglia/Muscle_Skeletal/Skin_Sun_Exposed_Lower_leg/Adrenal_Gland",NA
"STAU1",6780,"DecodeME_gwas_1_female",1,"protein coding","GWAS","gwas_1_female",12833,NA,"DecodeME","eQTL","rs6066909","Brain_Hypothalamus/Brain_Frontal_Cortex_BA9/Cells_Cultured_fibroblasts/Brain_Cortex/Brain_Putamen_basal_ganglia/Muscle_Skeletal/Skin_Sun_Exposed_Lower_leg/Adrenal_Gland",NA
"TNFSF4",7292,"DecodeME_gwas_1",1,"protein coding","GWAS","gwas_1",15579,NA,"DecodeME","eQTL","rs1322775","Thyroid",NA
"TNFSF4",7292,"DecodeME_gwas_1",1,"protein coding","GWAS","gwas_1",15579,NA,"DecodeME","eQTL","rs1322777","Thyroid",NA
"TNFSF4",7292,"DecodeME_gwas_1",1,"protein coding","GWAS","gwas_1",15579,NA,"DecodeME","eQTL","rs2065171","Thyroid",NA
"TNFSF4",7292,"DecodeME_gwas_1",1,"protein coding","GWAS","gwas_1",15579,NA,"DecodeME","eQTL","rs9425435","Thyroid",NA
"TNFSF4",7292,"DecodeME_gwas_1",1,"protein coding","GWAS","gwas_1",15579,NA,"DecodeME","eQTL","rs9425757","Thyroid",NA
"TNFSF4",7292,"DecodeME_gwas_2",1,"protein coding","GWAS","gwas_2",15579,NA,"DecodeME","eQTL","rs1322775","Thyroid",NA
"TNFSF4",7292,"DecodeME_gwas_2",1,"protein coding","GWAS","gwas_2",15579,NA,"DecodeME","eQTL","rs1322777","Thyroid",NA
"TNFSF4",7292,"DecodeME_gwas_2",1,"protein coding","GWAS","gwas_2",15579,NA,"DecodeME","eQTL","rs2065171","Thyroid",NA
"TNFSF4",7292,"DecodeME_gwas_2",1,"protein coding","GWAS","gwas_2",15579,NA,"DecodeME","eQTL","rs9425435","Thyroid",NA
"TNFSF4",7292,"DecodeME_gwas_2",1,"protein coding","GWAS","gwas_2",15579,NA,"DecodeME","eQTL","rs9425757","Thyroid",NA
"TRIM38",10475,"DecodeME_gwas_1",1,"protein coding","GWAS","gwas_1",15579,NA,"DecodeME","eQTL","rs10946808","Thyroid",NA
"TRIM38",10475,"DecodeME_gwas_1",1,"protein coding","GWAS","gwas_1",15579,NA,"DecodeME","eQTL","rs1987244","Thyroid",NA
"TRIM38",10475,"DecodeME_gwas_1",1,"protein coding","GWAS","gwas_1",15579,NA,"DecodeME","eQTL","rs3999543","Thyroid/Artery_Aorta",NA
"TRIM38",10475,"DecodeME_gwas_1_female",1,"protein coding","GWAS","gwas_1_female",12833,NA,"DecodeME","eQTL","rs1987244","Thyroid",NA
"TRIM38",10475,"DecodeME_gwas_1_female",1,"protein coding","GWAS","gwas_1_female",12833,NA,"DecodeME","eQTL","rs61534839","Thyroid",NA
"TRIM38",10475,"DecodeME_gwas_1_female",1,"protein coding","GWAS","gwas_1_female",12833,NA,"DecodeME","eQTL","rs9379845","Thyroid",NA
"ZBTB37",84614,"DecodeME_gwas_1",1,"protein coding","GWAS","gwas_1",15579,NA,"DecodeME","eQTL","rs1322775","Cells_Cultured_fibroblasts",NA
"ZBTB37",84614,"DecodeME_gwas_1",1,"protein coding","GWAS","gwas_1",15579,NA,"DecodeME","eQTL","rs1322777","Cells_Cultured_fibroblasts",NA
"ZBTB37",84614,"DecodeME_gwas_1",1,"protein coding","GWAS","gwas_1",15579,NA,"DecodeME","eQTL","rs2065171","Cells_Cultured_fibroblasts",NA
"ZBTB37",84614,"DecodeME_gwas_1",1,"protein coding","GWAS","gwas_1",15579,NA,"DecodeME","eQTL","rs9425435","Cells_Cultured_fibroblasts",NA
"ZBTB37",84614,"DecodeME_gwas_1",1,"protein coding","GWAS","gwas_1",15579,NA,"DecodeME","eQTL","rs9425757","Cells_Cultured_fibroblasts",NA
"ZBTB37",84614,"DecodeME_gwas_2",1,"protein coding","GWAS","gwas_2",15579,NA,"DecodeME","eQTL","rs1322775","Cells_Cultured_fibroblasts",NA
"ZBTB37",84614,"DecodeME_gwas_2",1,"protein coding","GWAS","gwas_2",15579,NA,"DecodeME","eQTL","rs1322777","Cells_Cultured_fibroblasts",NA
"ZBTB37",84614,"DecodeME_gwas_2",1,"protein coding","GWAS","gwas_2",15579,NA,"DecodeME","eQTL","rs2065171","Cells_Cultured_fibroblasts",NA
"ZBTB37",84614,"DecodeME_gwas_2",1,"protein coding","GWAS","gwas_2",15579,NA,"DecodeME","eQTL","rs9425435","Cells_Cultured_fibroblasts",NA
"ZBTB37",84614,"DecodeME_gwas_2",1,"protein coding","GWAS","gwas_2",15579,NA,"DecodeME","eQTL","rs9425757","Cells_Cultured_fibroblasts",NA
"ZNFX1",57169,"DecodeME_gwas_1",1,"protein coding","GWAS","gwas_1",15579,NA,"DecodeME","eQTL","rs6012555","Thyroid/Whole_Blood",NA
"ZNFX1",57169,"DecodeME_gwas_1",1,"protein coding","GWAS","gwas_1",15579,NA,"DecodeME","eQTL","rs6066909","Thyroid/Whole_Blood",NA
"ZNFX1",57169,"DecodeME_gwas_2",1,"protein coding","GWAS","gwas_2",15579,NA,"DecodeME","eQTL","rs6012555","Thyroid/Whole_Blood",NA
"ZNFX1",57169,"DecodeME_gwas_2",1,"protein coding","GWAS","gwas_2",15579,NA,"DecodeME","eQTL","rs6066909","Thyroid/Whole_Blood",NA
"ZNFX1",57169,"DecodeME_gwas_1_female",1,"protein coding","GWAS","gwas_1_female",12833,NA,"DecodeME","eQTL","rs6012555","Thyroid/Whole_Blood",NA
"ZNFX1",57169,"DecodeME_gwas_1_female",1,"protein coding","GWAS","gwas_1_female",12833,NA,"DecodeME","eQTL","rs6066909","Thyroid/Whole_Blood",NA
